time,open,high,low,close,7MA,14MA,25MA,50MA,100MA,Volume,Volume MA,RSI,Accumulation/Distribution
1477872000,697.1,745.19,670.32,709.93,390.49119999999994,520.3617999999999,621.5724000000004,617.5378571428573,645.0728571428572,37188.976206989995,31284.01697718805,70.11533920370023,2139458.2319931285
1478476800,709.92,740.86,683.23,700.38,393.92979999999994,526.9397999999999,632.0356000000004,625.2457142857145,659.5585714285714,35418.39312969,27847.738933836546,67.84773936035381,2125120.0207886226
1479081600,700.38,755.07,697.14,727.09,398.00059999999996,533.7167999999999,640.4056000000003,636.5550000000002,676.4857142857143,43254.63053263,27511.140613347547,70.70171809103034,2126590.9619615776
1479686400,727.09,750,722.3,727.32,402.09740000000005,539.6017999999999,646.5420000000004,647.2528571428574,692.8085714285714,26673.41090692,26911.723734814044,70.72581507350304,2109585.458834639
1480291200,727.32,778.07,721,762,407.07740000000007,545.9909999999999,650.1368000000003,660.7385714285716,710.3842857142856,36581.17352873,27511.92207948355,74.17486194454898,2125565.2845937284
1480896000,762,774.12,743,768.97,412.1032,552.9351999999999,650.4380000000003,672.5421428571428,727.5600000000001,28520.87983248,28001.110342145046,74.81704572709867,2144646.413067772
1481500800,768.97,793.27,765.1,788.67,417.8714,560.0877999999999,655.6732000000004,685.567142857143,740.6228571428571,21477.81845389,28201.58744870005,76.58900860309045,2159109.8215189716
1482105600,788.34,920,787.01,890.67,424.225,568.9254,664.9692000000002,705.7578571428572,766.4428571428571,56709.60192418,27769.871645549552,83.18590940927166,2190805.6235418627
1482710400,890.65,1005,888,997.75,431.9332,581.2772,678.9288000000004,734.2414285714286,808.9242857142856,52597.39938603999,29297.189708031052,87.24829596964169,2236884.541807411
1483315200,997.75,1139.89,812.28,909.75,438.7919,591.429,688.1372000000003,755.7521428571429,835.0185714285714,130728.25835106998,34549.72262695205,71.87856531373852,2183944.405561764
1483920000,909.8,918.4,751.34,821.86,444.65420000000006,600.4964,694.5528000000004,770.6664285714287,848.5242857142856,92826.21566664001,38014.75818490154,60.42884069348061,2169486.497435067
1484524800,821.86,937.74,818.09,923.76,451.5268000000001,611.4716,706.5500000000003,791.0085714285715,871.6328571428569,60386.56034769,39778.25024343854,66.9935293352141,2215761.8314783573
1485129600,923.75,927.57,881.48,912.01,458.06350000000003,621.6117999999999,719.3316000000003,809.8135714285715,892.0671428571428,30759.392631869996,39975.074379928046,65.64126782925251,2225752.460849134
1485734400,913.12,1044.23,910,1011.07,465.42420000000004,633.0631999999999,737.0240000000003,832.2307142857143,923.8385714285713,48914.77048103,41520.81148359004,70.96270692508021,2250499.552135484
1486339200,1010.03,1074.69,913.73,1000.73,472.564,644.4441999999999,753.9512000000004,853.0021428571429,939.5614285714283,63161.775280949994,43805.212438376046,69.74838724240863,2255616.534924149
1486944000,1000.73,1068.99,975.1,1051.8,480.4046000000001,657.3556,773.0952000000004,878.1035714285715,947.282857142857,33282.25374074,44595.32335488855,72.27215283344921,2276711.7199290637
1487548800,1051.8,1220,1044.39,1179.05,489.7751,672.6757999999999,796.1084000000004,910.3864285714286,985.7542857142855,64898.335354860006,47056.12375664455,77.34394443381166,2311343.1361701884
1488153600,1180.46,1298,1169,1273,499.8997000000001,689.9101999999999,822.7756000000004,949.3635714285714,1050.2028571428568,41646.795282720006,48076.838269029555,80.2205663071235,2336847.762738676
1488758400,1269.98,1350,975,1226.62,509.8009000000001,706.1098,847.5204000000003,982.5507142857143,1093.4685714285713,86539.53241125001,51247.31509380856,75.14792543908189,2366441.975102459
1489363200,1226.42,1260,944.36,1017.97,517.7552000000001,718.0869999999999,864.2800000000004,1000.3364285714287,1108.6057142857142,78732.98939892,53514.95814246456,57.52502036181751,2324431.4248725576
1489968000,1012.88,1117.9,891.33,960,525.1600000000001,728.9198,878.3360000000004,1012.5742857142858,1101.31,77470.53548879,55529.03610655456,53.75333452253265,2293921.2254566387
1490572800,959.08,1100,952.95,1078.01,533.5501,741.9315999999999,896.9340000000004,1025.9557142857143,1112.35,60680.03660101,56792.11828012056,59.565418445387536,2336452.9586934024
1491177600,1076.59,1216.87,1076.19,1206.2,543.2208,756.8551999999999,919.6232000000003,1040.845,1134.4071428571426,46207.077425539996,56939.740624766055,64.7480945644063,2375650.8021676983
1491782400,1205.2,1229,1141,1162.31,552.4842000000001,771.0413999999998,940.1660000000004,1058.885,1132.015714285714,31268.611520799997,57169.500655460055,61.826166292474184,2359526.1477266313
1492387200,1162.31,1252.32,1161,1241.99,562.5119,786.7169999999999,961.9564000000003,1088.8942857142858,1127.5857142857142,32950.746636740005,56987.97931086055,64.92113668232227,2385022.2028881735
1492992000,1242,1356,1234,1350.21,573.7248999999999,804.5699999999998,987.5676000000004,1119.355,1145.2414285714283,39411.95591813001,57532.53311514305,68.63999575885319,2420693.253482271
1493596800,1348.88,1623.01,1341.22,1554.01,587.038,826.8741999999999,1021.7128000000002,1165.212142857143,1221.8185714285714,79409.84428198,60429.13440654755,74.18937140778736,2461214.0012352285
1494201600,1554.38,1892,1554.38,1784,602.5571,852.1973999999999,1063.9892000000002,1220.4214285714286,1339.532857142857,94671.97949056001,62327.25328486655,78.75771447360458,2495317.44932966
1494806400,1782.3,2063.11,1641.22,2017.55,620.2962,881.0701999999999,1115.5984000000003,1293.0514285714287,1473.752857142857,93126.14311167001,64353.690471148046,82.20258336692723,2568330.164390569
1495411200,2017.55,2760.1,1850,2178.81,639.5980999999999,911.2037999999999,1172.2708000000002,1373.5521428571428,1612.6971428571428,155768.45194677,65605.70015093306,84.11778299507648,2525116.870524488
1496016000,2172.54,2584.34,2110,2530.27,662.1857999999999,946.5803999999998,1242.7228000000002,1470.0678571428573,1808.1200000000001,93043.44403407,65616.56156930455,87.32035032312018,2596948.2766999663
1496620800,2530.27,2967.46,2525.28,2954.22,688.6224999999998,992.5089999999998,1329.3448,1590.155,2052.7242857142855,93979.26297278001,67296.19670055906,89.95229826971273,2685299.580734035
1497225600,2954.23,2980,2120,2516.98,711.0376,1029.6831999999997,1394.3972000000003,1682.3235714285713,2219.405714285714,148795.79374539998,73198.01675623555,73.09942574758085,2673873.447921307
1497830400,2516.98,2789,2432,2502.03,733.1259999999999,1066.7486,1454.5684000000003,1788.327857142857,2354.837142857143,84989.14520239,75001.73549230355,72.59858939452143,2622227.6631588237
1498435200,2502.26,2594.78,2291,2504.37,755.3465,1103.2451999999998,1518.3532000000005,1898.6399999999999,2457.747142857143,88202.38791121001,76253.76612381656,72.63019854866029,2657929.0444793925
1499040000,2504.81,2639.47,2462,2502.28,777.7187999999999,1140.0613999999998,1585.5700000000004,2000.3735714285715,2526.9942857142855,59904.36464813,77584.87166918606,72.5496995118845,2625217.4201031583
1499644800,2504,2527.88,1830,1917.63,794.334,1165.9373999999998,1625.3248000000003,2051.19,2489.6828571428573,114603.96642805998,80070.15322284607,54.38942932216227,2539394.1769458354
1500249600,1917.72,2938,1910.57,2749.02,819.5353,1209.0683999999999,1698.8052000000005,2164.526428571429,2520.9328571428573,144460.87969896002,85210.85744365808,67.02857944820433,2630712.327611169
1500854400,2756.8,2825,2400,2742.37,844.669,1252.5405999999998,1768.0572000000002,2271.6964285714284,2490.6685714285713,95398.49285979001,85653.80546608508,66.86896269053904,2689015.397106232
1501459200,2745.76,3339.66,2615,3222.75,874.4937,1305.4445999999998,1856.9380000000006,2405.449285714286,2591.4928571428572,70478.58583209,85241.08528774357,72.04729851411449,2736753.245296864
1502064000,3216.78,4190,3178.72,4053.87,912.7357999999999,1375.058,1977.0208000000005,2584.0107142857146,2813.184285714286,91259.76614428,85930.54682051808,78.35168439519887,2803443.7685702853
1502668800,4053.87,4480,3800,4058.68,951.021,1444.1571999999996,2092.206,2746.487857142857,3035.2285714285713,106015.99573945,88197.34477744008,78.38207218334713,2778087.236883426
1503273600,4058.64,4449.98,3600,4337.68,992.0736999999998,1518.7843999999998,2214.7932000000005,2912.2114285714283,3297.4285714285716,79305.31569954,89852.2566911401,80.12480270728268,2836436.796087382
1503878400,4329.91,4979.9,4169.01,4606.26,1035.7503,1598.7495999999996,2349.978800000001,3085.6007142857147,3681.5185714285717,81722.33065185,92374.94264769259,81.65773602811757,2842847.477502573
1504483200,4603.68,4679.97,4001.93,4226.22,1075.532,1671.2943999999998,2478.3088000000007,3206.7400000000002,3892.547142857143,120234.19455683,96739.1150436971,73.06977775309778,2802158.2286632564
1505088000,4226.21,4377.65,2972.01,3662.99,1109.5513999999998,1732.3821999999998,2586.4284000000007,3257.366428571429,4024.0642857142857,190649.19788804997,104300.9771421931,62.567519747364884,2798946.4724483015
1505692800,3662.95,4122.7,3514,3664.22,1143.354,1793.4053999999999,2689.8768000000005,3339.312142857143,4087.131428571429,93688.94717086,105014.9322866371,62.580168588530945,2751500.1855173185
1506297600,3667.01,4377.22,3658.39,4377.22,1183.8684,1868.1703999999997,2816.717600000001,3473.2542857142857,4133.324285714286,76596.22231939001,104111.14442807858,69.09867799193192,2828096.4078367087
1506902400,4369.33,4612,4137.96,4597.98,1226.1217,1947.1552,2954.1444000000006,3622.797857142857,4210.367142857143,60774.351238810006,102493.55483443559,70.79504032159033,2885275.8877382134
1507507200,4597.97,5846.43,4541,5679.7,1279.7259,2046.8046,3131.6528000000003,3849.7564285714284,4402.084285714286,102154.07757071001,99812.83611563258,77.35490481230109,2961335.6525485846
1508112000,5683.92,6180,5101.36,5969,1336.1738999999998,2151.986,3316.404400000001,4139.14,4596.761428571429,89751.55898138002,99648.24186299808,78.7308664116225,3015973.403503058
1508716800,5967.38,6316.85,5366,6137.37,1393.8328,2260.7257999999997,3499.7388000000005,4381.165,4869.782857142857,90679.39483727001,99483.24845622259,79.5111469454844,3072419.979735094
1509321600,6133.01,7590,6024.03,7372.72,1463.6775999999998,2393.6384,3723.2876000000006,4711.904285714286,5399.744285714287,96898.05082758,96888.36131033159,84.115630658756,3142428.6157158804
1509926400,7373.3,7888,5555.55,5870.37,1518.0506,2496.4994,3877.4004000000004,4901.0199999999995,5714.908571428571,149308.51562304999,100104.3298313646,64.98796348487181,3033425.6216589506
1510531200,5870.03,8087.35,5846,8016.58,1593.7910000000002,2641.591,4110.9112000000005,5184.0707142857145,6234.817142857143,108764.32010924,101132.4264412661,74.06210897667557,3135321.5357324257
1511136000,8016.58,9366.6,7770,9271.06,1682.2839999999999,2811.6328,4380.5428,5556.3835714285715,6902.400000000001,70679.21429019999,101671.1689233696,77.70014226876337,3197541.9098205892
1511740800,9278.99,11800.01,9000,11250,1790.4735999999998,3020.8594,4712.374,6050.120714285715,7698.157142857143,123566.89997717002,102119.3156008251,81.99124782561768,3272563.961274759
1512345600,11250,16666.66,10850,14691,1932.8956999999998,3296.866,5199.3348000000005,6770.459285714285,8944.157142857144,131326.74450438,101462.60884109608,86.76151030460517,3314679.028958584
1512950400,14690.99,19666,14677.19,18953,2118.6240999999995,3655.9709999999995,5857.373600000001,7822.3721428571425,10774.96142857143,99156.70350496001,101650.51937335459,90.21779125052815,3385492.8091615797
1513555200,18953,19220,11159.93,14157.87,2256.1812,3920.9334000000003,6323.513600000001,8572.006428571429,11744.268571428573,185506.94820202002,107401.93749185109,68.53729650223835,3337984.339953604
1514160000,14107.87,16480.52,12050,13880,2391.2963,4182.0962,6778.622400000001,9301.705,12888.50142857143,105655.47664079002,108121.72301667658,67.52463292719226,3319609.5988710085
1514764800,13880,17234.99,12801.38,16124.02,2548.7865,4486.1014000000005,7346.878000000001,10140.762142857144,14046.707142857145,85618.44777872,107101.8456186401,71.222573430994,3362319.6596112996
1515369600,16173.98,16300,12800,13647.99,2681.2164000000002,4740.821,7782.836800000001,10787.191428571428,14671.982857142857,97200.21280593,107996.5904739596,62.73420688413171,3312219.3373523983
1515974400,13647.99,14394.36,9222,11558.87,2792.4201000000003,4951.777,8135.496800000001,11207.132142857143,14716.107142857145,146905.07956877,111255.72791980559,56.604374147686535,3298057.5599868284
1516579200,11558.87,11989.15,9927.54,11685.58,2904.9590999999996,5165.474,8474.01,11615.459285714285,14286.761428571432,91513.06537417001,109819.67146067259,56.87958108123635,3362620.2116012312
1517184000,11685.58,11820.01,7625.25,8191,2982.8068,5308.258000000001,8639.4952,11762.147142857142,12749.33285714286,149903.6314201,107782.39313727508,47.86404435409811,3253151.7800380583
1517788800,8190.78,9090.8,5920.72,8067,3059.3464000000004,5446.017,8799.828000000001,11811.738571428572,11879.208571428575,218693.54381938005,114032.6229697011,47.57588451659485,3330588.0368727054
1518393600,8077.25,11300,8067,10421.06,3159.4442,5628.9782000000005,9043.1632,12136.787857142857,11385.074285714289,108881.53022749,115646.8883651061,53.3213223386608,3380267.3820224656
1518998400,10433.68,11780,9260,9590.04,3251.1782000000003,5796.2466,9242.5144,12249.177857142857,10451.648571428575,108623.50575304999,118039.3460908181,51.18855482286074,3300096.338046191
1519603200,9595.99,11511,9376.34,11463.27,3361.6198,6005.1526,9531.9964,12405.764285714287,10139.545714285718,69483.63177713001,116405.82380113911,55.50855195812024,3366472.726754427
1520208000,11479.68,11688,8366,9535.04,3452.7866,6176.653399999999,9766.878400000001,12283.267142857145,9850.427142857146,131615.3328438,118499.01249426013,50.54916294604468,3327490.4996949234
1520812800,9535.04,9892,7325.37,8188.24,3530.3948,6318.858,9947.8392,11818.784285714286,9350.807142857146,122425.7834206,120086.33192342662,47.36596515929716,3287380.8551335535
1521417600,8205.55,9188.1,8114.17,8453.9,3610.3336,6463.812000000001,10110.9064,11068.848571428573,9388.36428571429,90177.22105199998,119750.29043464761,48.06075432518786,3254257.4593923204
1522022400,8451.12,8500,6427.16,6813.52,3673.9388,6576.8362,10199.528,10544.252142857144,9209.29571428572,119382.4103937,118253.98517318012,44.18247245422411,3179378.8100990527
1522627200,6816.31,7506.84,6510,7027.26,3739.6293,6692.5416000000005,10253.430400000001,10054.770714285714,8724.46714285715,77901.59809296,116710.84907236614,44.80743698803684,3182323.4473689683
1523232000,7027.26,8417,6611.49,8354.22,3818.5959,6832.621800000001,10348.8392,9499.785,8547.921428571435,77527.21424147,117053.24906992966,48.65132501596177,3254459.2115380713
1523836800,8353.43,9036.52,7806.81,8789.96,3902.1075,6977.340800000001,10454.9428,9152.782857142856,8166.020000000006,79550.1874566,114852.41344390115,49.885586284219805,3302109.3669232083
1524441600,8781.7,9755.53,8647.29,9393.99,3990.8689999999997,7129.5406,10535.7936,8998.148571428572,8145.870000000005,121700.13515290001,114371.08297632716,51.621569019983845,3344405.2812156817
1525046400,9396.32,9948.98,8815.91,9623.54,4081.3652999999995,7281.660400000001,10685.9204,8850.86,8350.912857142863,65354.660762839994,112680.98083922116,52.29784539332931,3372217.652801933
1525651200,9621.99,9634.5,8208.81,8696.58,4161.6098,7412.015800000001,10713.1204,8886.972857142857,8385.581428571435,93852.55148299,108098.26100326965,49.30079048976021,3342584.474446142
1526256000,8696.54,8900.9,7929.53,8518.48,4239.1802,7531.78,10683.0172,8919.221428571427,8629.14714285715,68487.69967444,106239.87215495214,48.723049773246686,3357146.139531292
1526860800,8518.64,8589.1,7213.09,7347.39,4306.0761999999995,7619.6434,10526.9128,8699.673571428571,8674.880000000006,61787.165831189996,105048.30805757565,44.98966391398467,3307419.956354485
1527465600,7348.64,7790.69,7026.9,7703.67,4376.530199999999,7723.3772,10247.419600000001,8564.932857142858,8581.944285714291,49415.232808090004,102659.05905768365,46.33685859760523,3345575.25237639
1528070400,7712.97,7764.44,6627.7,6781.17,4437.8543,7808.96,9760.5464,8230.497142857143,8294.97428571429,53345.05560891,97981.05785969066,43.37486693286018,3306634.3097296343
1528675200,6781.17,6919.97,6120,6453.41,4495.593,7887.9408,9452.368,8010.380714285713,7874.891428571434,67121.74696300998,96761.49193913265,42.33930697517807,3295462.3150196765
1529280000,6451.03,6841.81,5780,6153.4,4550.512299999999,7960.963200000001,9143.304,7865.034999999998,7379.157142857148,55968.55692368,92064.73821431166,41.36579142095555,3278857.974208676
1529884800,6153.6,6510,5774.72,6349.99,4607.7739,8049.6104000000005,8752.3428,7714.755714285712,7043.930000000005,56900.771904389985,83975.09961856216,42.30199505249991,3310993.5069866884
1530489600,6345.48,6820,6270.69,6706.6,4668.9151999999995,8128.762000000001,8474.6872,7707.118571428569,6785.090000000005,44562.95908188,80759.17106128167,44.04724450705941,3337157.2395484424
1531094400,6706.6,6814.72,6072,6349.3,4726.7206,8200.9006,8266.3044,7658.692857142856,6642.5057142857195,42533.16345144,77454.65394620116,42.65507658532799,3326384.2178060836
1531699200,6353.25,7696.88,6333.63,7396.6,4794.9111,8284.3776,8094.745200000001,7590.291428571427,6598.638571428577,62789.824109270005,77119.96356280815,47.857301788881976,3361512.8962949147
1532304000,7393.5,8496.96,7369.86,8216.74,4871.3465,8367.635,8095.774800000001,7549.347142857142,6803.720000000006,65167.530750570004,73797.57345814665,51.56302325902098,3394276.478031334
1532908800,8216.74,8295,6888.88,7032.61,4935.6354,8427.1136,8054.399200000002,7380.677142857142,6886.462857142863,62905.648633239995,70821.56671877866,46.43211964382691,3344230.939314823
1533513600,7028.89,7157.93,5995.75,6310.82,4992.6804,8466.5764,7889.989600000002,7144.054285714285,6908.951428571434,69594.76180375,69792.44375636615,43.58510475987922,3312370.8168982724
1534118400,6311.99,6628.5,5880,6481.99,5051.4203,8504.091,7765.6676000000025,6985.869285714283,6927.808571428577,56003.42076059,66623.49427471065,44.45490281439701,3346450.2265015235
1534723200,6481.63,6906.81,6223.9,6700.46,5112.4351,8553.5758,7575.155200000003,6856.010714285713,6926.931428571434,42724.85921257,64864.65733069115,45.60759084204182,3363355.359253758
1535328000,6700.13,7334.5,6641.35,7290.31,5179.2522,8626.122200000002,7485.366000000002,6851.933571428569,7061.361428571435,40370.70113209,63006.83167522216,48.70282801810899,3398578.5994234965
1535932800,7291.94,7411.85,6094.38,6236.04,5235.482,8677.5586,7407.278000000003,6747.102857142855,6895.567142857149,49374.32164329,61498.03838455667,43.89483321866864,3359822.153563319
1536537600,6238.99,6587,6162.06,6499.98,5294.0921,8720.0138,7329.121200000002,6727.017857142855,6650.315714285719,30741.479091929996,56950.10558150817,45.349429771955364,3377973.0386392474
1537142400,6499.28,6826.28,6100,6702.22,5354.626899999999,8762.0986,7324.669200000003,6744.789999999999,6603.117142857148,38303.689663200006,55597.55702652617,46.49411938041365,3403190.9879829655
1537747200,6703.37,6792.28,6324.96,6597.81,5413.6327,8780.4608,7307.491200000002,6776.53357142857,6644.11571428572,35704.88184016,52690.17354438467,45.95891150011354,3409179.4940144466
1538352000,6597.79,6641.35,6396.34,6577.63,5472.3097,8792.633399999999,7236.427600000003,6792.79357142857,6657.778571428577,25762.450815760003,50553.91110145066,45.84905680368784,3421541.811235821
1538956800,6574.15,6656.63,6055.28,6183,5527.135899999999,8793.546,7132.149200000002,6755.39357142857,6583.85571428572,28853.467425969997,48907.22618118967,43.65168510510509,3404944.6499864366
1539561600,6185.04,6756,6149.28,6413.38,5583.9988,8774.3592,7012.9248000000025,6759.970714285713,6458.580000000006,33476.464894339995,48110.287785502165,45.29985124595971,3400612.219831664
1540166400,6412.62,6473,6354.26,6405.57,5640.7813,8785.0632,6884.206000000003,6689.182857142856,6482.798571428577,16893.734062069998,46287.72170816017,45.2515293173367,3398318.746755358
1540771200,6404.27,6475,6199.25,6421.76,5697.3789,8753.1668,6793.213200000003,6560.969999999999,6471.624285714292,21489.47455922,44006.10808797067,45.381596275954834,3411510.1279290267
1541376000,6428.23,6544,6269.46,6357.54,5753.2645999999995,8694.8964,6706.775600000003,6512.750714285713,6422.384285714291,21831.423765780004,42299.251430075674,44.92566681028239,3403686.949266255
1541980800,6352.57,6388.21,5199.8,5559.26,5800.9705,8581.0816,6635.250400000003,6459.067857142856,6274.020000000006,65608.29557341001,42734.627613526674,39.59990577426914,3377767.9156930265
1542585600,5553.01,5559.69,3474.73,3938.89,5831.4527,8366.039400000001,6484.659200000003,6277.4178571428565,5897.057142857149,154152.19588431,48214.08945364817,31.45001736401018,3292251.3610120597
1543190400,3934.22,4409.77,3522.28,4102.05,5862.4956999999995,8069.0204,6377.494400000003,6091.817142857142,5599.778571428577,107895.62806324002,51482.21268423817,32.946471234565706,3325325.5428221133
1543795200,4099.63,4115.15,3210,3529.75,5888.695699999999,7856.458,6260.5480000000025,5823.205714285713,5187.831428571435,96601.31212121001,53172.78708483516,30.436624489383703,3296974.287709702
1544400000,3528.68,3588.43,3122.28,3193.78,5912.4149,7642.7336,6142.163200000003,5605.9014285714275,4729.004285714291,64611.983289289994,53145.00971177117,29.038106588507915,3252183.206727327
1545004800,3191.41,4172.07,3181.26,3943.83,5942.615599999999,7399.1298,6045.916800000003,5423.319285714284,4375.014285714291,106569.35139072001,55328.19484964517,36.09744739991546,3309654.570085189
1545609600,3947.82,4236.84,3566,3835.79,5971.8534,7202.8858,5931.084400000003,5218.574285714284,4014.76428571429,71427.10120158,55419.81181953667,35.548862677479676,3295678.7765968465
1546214400,3831.03,4090,3629.66,4040.71,6002.1498,7052.522599999999,5838.740800000002,5035.9242857142835,3797.8285714285753,38663.537760470004,54552.817669530676,37.489327797389066,3326062.6698501543
1546819200,4040.71,4112,3476,3515.95,6027.302,6889.129999999999,5683.514800000002,4817.232857142856,3737.4085714285757,62437.59428974,55538.45442338918,34.61521781239081,3271469.043773858
1547424000,3517.03,3774,3470,3536.72,6052.1512,6796.0444,5496.314000000002,4628.212857142856,3656.647142857147,47855.809281919996,55912.709830880674,34.82818661634805,3244619.416039896
1548028800,3537.42,3657.89,3401.36,3533.23,6075.693,6705.368999999999,5356.338800000002,4422.487857142855,3657.1442857142906,34870.15946036,55187.50172173417,34.807670843222226,3245599.472367457
1548633600,3532.23,3536.77,3322.19,3414.82,6097.1112,6565.244199999998,5240.498800000002,4208.862857142856,3688.721428571433,41811.02770177,55740.979152226166,34.07428683224008,3239886.45469472
1549238400,3413.75,3711.04,3328.7,3650.37,6121.3487,6446.450799999997,5127.234000000001,4010.906428571427,3646.798571428576,40319.33033481,55841.761185806674,36.921482803515914,3267409.9814441716
1549843200,3651.32,3663.34,3531.01,3625.6,6147.425,6289.697399999997,5004.239600000001,3815.7678571428555,3616.771428571433,46582.74961214,56385.65457440568,36.74178187552336,3287422.2939617424
1550448000,3625.6,4190,3614.82,3730.68,6175.1318,6173.610199999996,4861.8544,3685.1549999999984,3572.4814285714333,74297.49436443999,58812.40675183968,38.11777370770618,3243056.6737829973
1551052800,3733.78,3897.62,3658.19,3789.52,6202.246899999999,6085.635799999997,4763.993600000001,3674.485714285713,3611.5628571428615,40257.9466774,59382.630714411185,38.91897656614493,3246962.5840754253
1551657600,3789.7,3950.25,3670,3897.92,6229.1641,5994.516199999997,4659.9112000000005,3659.904999999999,3663.1628571428623,44775.62862541,59947.588900964685,40.448686911972466,3275016.652337105
1552262400,3898.14,4040,3775.01,3965.5,6257.196,5937.555799999998,4550.442400000001,3691.029999999999,3724.9157142857193,37933.24745073,60999.564570397684,41.433437439514194,3291620.5897378
1552867200,3965.63,4055.35,3919.63,3969.99,6284.476,5876.410399999998,4445.3296,3746.47357142857,3804.2257142857193,32461.39359573,61548.16052222318,41.50264983978633,3283249.319653431
1553472000,3970.23,4130.36,3850.45,4096.08,6311.9347,5791.247599999998,4346.0676,3757.3485714285694,3867.898571428576,38024.94549031,62357.83660844968,43.52119586182744,3311960.591953017
1554076800,4092.02,5345,4052.56,5190.85,6348.303100000001,5719.265399999998,4306.3816,3854.138571428569,4091.505714285719,117084.65931911,64931.65479573468,57.29869844754078,3401115.7532156743
1554681600,5192.92,5466.06,4912,5162.72,6382.0903,5634.639999999998,4256.355199999999,3934.2821428571406,4296.082857142862,64553.14861519999,60451.702432279184,56.91451418619347,3394985.0332934065
1555286400,5160.54,5362.97,4948.57,5295.65,6414.8713,5548.082199999999,4211.9583999999995,4061.4035714285687,4511.2442857142905,41797.6059345,57146.80132584218,58.33616206569213,3423202.4518171414
1555891200,5295.96,5627,4991.42,5160.98,6444.693,5477.370199999999,4161.5271999999995,4177.42214285714,4691.681428571434,60706.17826832,55352.04463319768,56.30907690698588,3394886.655836421
1556496000,5152.98,5846.13,5071.58,5709.32,6476.483499999999,5421.187,4135.598399999999,4332.8571428571395,4940.798571428576,47315.30063961999,54487.21050071418,62.08601051881619,3425487.202669298
1557100800,5714.4,7585,5562.44,6974.35,6516.6848,5413.7262,4192.201999999998,4587.109285714283,5369.992857142862,96521.56034309999,53984.820948333174,71.46115760066652,3463725.3095440073
1557705600,6968.84,8390.95,6178,8200,6573.515,5423.652799999999,4362.646399999999,4912.082857142855,5956.2671428571475,130340.30773419999,56930.48127496417,77.31421458609259,3571572.129615273
1558310400,8193.45,8802.29,7468.31,8733.26,6635.8273,5462.6946,4547.894799999998,5276.915714285712,6462.325714285718,58959.95818376,57945.30229612867,79.30309649042158,3624430.038422843
1558915200,8733.27,9096.79,8000,8734.49,6698.1285,5508.316199999998,4756.084399999998,5634.330714285711,6972.578571428576,57315.052973269994,57689.17523030516,79.30760275586393,3643879.6044893838
1559520000,8735.84,8745.96,7432.84,7632.99,6749.435600000001,5537.907999999999,4933.652799999998,5908.864285714283,7306.484285714289,61144.24456892,58353.59699465516,65.54462123071701,3601374.9671924105
1560124800,7629.98,9391.85,7523.16,8974.19,6820.0012,5590.392,5134.867199999998,6271.454999999997,7851.228571428575,57491.10195461,59484.644119367666,71.93176311978422,3633167.0675551435
1560729600,8973.02,11247.62,8918,10831.95,6900.8305,5672.898999999999,5414.713599999999,6761.915714285713,8583.03285714286,70179.03609093,60903.04453882567,78.01195076560577,3678302.2596441186
1561334400,10827.23,13880,10300,10760.1,6981.0078,5761.114999999999,5683.489199999998,7246.923571428569,9123.85428571429,137601.50428437,65767.15323630367,77.31438683908038,3576069.723025245
1561939200,10759.24,12061.04,9614.08,11469.96,7063.4799,5842.5822,6001.649599999999,7773.6292857142835,9590.991428571433,100246.50470339002,68450.34099086616,79.28515351630551,3627885.7638059882
1562544000,11478.43,13200,10090,10191.87,7124.8598999999995,5882.084799999999,6267.855599999998,8130.844999999998,9799.36428571429,96062.97030982998,69538.61478813566,67.85527265352592,3538115.9991459735
1563148800,10191.87,11120,9049.54,10600.24,7190.275500000001,5953.437399999999,6550.535999999998,8519.239285714284,10065.900000000005,101471.67421588,72599.30116505966,69.37445776517617,3588641.5866077547
1563753600,10605.03,10686.89,9111,9533.19,7242.230600000001,6017.884799999999,6795.270799999998,8821.920714285712,10337.357142857147,53268.50402609,73023.94493509366,61.23134627650501,3563914.96014263
1564358400,9538.73,11085.99,9360,10986.96,7306.0376,6107.984199999998,7088.734399999999,9238.062142857141,10624.89571428572,50041.17451748,73629.34128843117,66.9271835747645,3608213.8331259573
1564963200,10986.55,12325,10986.55,11528.73,7379.0627,6204.549599999998,7404.859599999999,9653.734285714283,10724.435714285719,78451.5061703,75928.84691715967,68.76868099626682,3593320.6782058547
1565568000,11527.44,11551.57,9467.57,10318.99,7445.6227,6265.123199999998,7668.391999999998,9892.63714285714,10661.420000000004,58569.35062751001,76956.06717401967,60.64823516117154,3582608.445151545
1566172800,10318.99,10955.48,9755.53,10136.75,7510.348000000001,6343.137399999998,7922.2811999999985,10030.976428571425,10470.961428571432,45067.79312166,73355.22386414718,59.50824096176721,3566176.4186765607
1566777600,10136.75,10650,9320,9767.53,7564.2510999999995,6408.488399999998,8157.065599999999,10104.852857142856,10410.34142857143,37657.10498579,72010.42168267668,57.16383910477487,3553861.6959378244
1567382400,9767.56,10949,9753.24,10400.18,7622.2731,6482.447599999998,8414.4528,10223.830714285712,10381.761428571432,49213.56552986999,72381.21966244518,60.066867605804376,3557899.9937984245
1567987200,10387.33,10542.93,9855.11,10305.74,7668.5335,6556.606199999997,8667.8828,10414.741428571428,10492.125714285718,28761.37405576,70783.97945181718,59.41950599060427,3566825.0434894213
1568592000,10320.36,10380.07,9600,10020.58,7709.049300000001,6625.465199999998,8904.862799999999,10489.48357142857,10354.071428571431,33808.79032852,70108.65393626217,57.407640378973035,3569472.727673109
1569196800,10022.38,10048.06,7733.99,8047.6,7728.1516,6662.757199999997,9019.1328,10290.601428571425,9856.767142857147,89548.47798612001,69759.99981841317,45.84237079769019,3504196.029003282
1569801600,8060.13,8531.25,7714.7,7854.12,7732.9656,6691.571999999997,9126.788799999998,10083.031428571427,9504.642857142859,50575.659815420004,65771.76742247416,44.88736016167987,3470891.2245952855
1570406400,7863.75,8820,7763.54,8282.96,7757.0915,6729.119799999998,9246.2812,9855.38857142857,9239.815714285718,46109.381020010005,65129.23856428666,47.49807969830054,3470122.1966211335
1571011200,8278.39,8420.85,7811.62,8235.74,7759.283100000001,6765.399399999998,9369.2716,9715.664999999997,9020.988571428574,38810.69859726,64204.020845486164,47.232761085488626,3485348.2115444485
1571616000,8236.49,10350,7293.55,9557.08,7762.143300000001,6829.390199999998,9523.181999999999,9641.15357142857,8900.545714285716,104550.78017194002,66374.34762563717,54.835381315645975,3535652.788039617
1572220800,9547.32,9950,8961.53,9207,7741.713299999999,6902.3449999999975,9612.487999999998,9617.854285714284,8743.58285714286,54590.13531242,66229.29929352767,52.67016635883207,3508175.7477430087
1572825600,9207,9586.5,8661,9024.49,7685.048199999999,7004.056999999998,9645.467599999998,9477.677857142855,8601.284285714288,33222.77552301,64381.486265131665,51.52785045186063,3501049.4534190455
1573430400,9029.88,9075.32,8363,8499.31,7580.5113,7092.002199999997,9636.109599999998,9261.290714285711,8665.814285714287,26181.734319830004,58810.49776690467,48.28280892105134,3484888.025155864
1574035200,8499.53,8508.4,6785,6908.36,7508.0162,7159.574399999997,9563.064399999997,9017.674285714284,8530.705714285717,53326.69248330001,56464.50715590018,40.05368272369766,3439195.521815816
1574640000,6900.9,7870.35,6515,7412.66,7443.3428,7243.9519999999975,9554.251199999999,8823.096428571425,8406.377142857145,67026.14573654,55012.66592723568,43.34963580944345,3460953.3654279495
1575244800,7411.75,7772.71,7087.09,7524.26,7357.3452,7315.560599999997,9496.253999999997,8662.862857142854,8304.737142857146,27256.23507943,51301.89397041318,44.08233789661001,3468455.767172633
1575849600,7516.8,7666,7007,7115.08,7292.0161,7381.146399999997,9347.579199999998,8428.212857142855,7955.880000000003,25508.43480849,49913.89050953318,41.940468963851266,3451314.4086436625
1576454400,7115.08,7530,6425,7509.7,7251.5244,7450.526199999997,9217.563199999997,8228.495714285711,7713.408571428575,40527.4746005,49438.20551368418,44.729608188175355,3490352.8194715106
1577059200,7521.88,7692.98,7052,7385.54,7208.524,7527.917999999997,9054.186399999999,8040.278571428568,7479.27285714286,23714.75676272,46701.36804330518,44.01318966181118,3491318.458261343
1577664000,7372.79,7495,6853.53,7356.7,7200.1810000000005,7604.317599999997,8940.779599999998,7990.928571428567,7316.042857142859,25490.162602239998,45047.40864204168,43.83755256524004,3505817.336819466
1578268800,7352.12,8463.57,7342.46,8180.76,7201.318600000001,7697.268199999997,8844.000399999997,8014.259999999995,7497.814285714288,51601.48463654999,45374.093217786176,49.979797272599654,3531384.951683982
1578873600,8180.75,9188.1,8039,8696.6,7184.0740000000005,7802.903799999996,8810.536799999998,8043.805714285709,7681.234285714288,58167.631025610004,46399.619519777174,53.414378918571295,3539792.961007238
1579478400,8698.97,8792.98,8212.9,8590.48,7174.078400000001,7901.7059999999965,8714.677599999997,8069.144285714281,7833.551428571431,35153.51628436,45696.61705750167,52.613998211048525,3550403.0107091167
1580083200,8600,9570,8546.55,9329.39,7152.7396,8015.781799999996,8626.703999999998,8052.8807142857095,8149.881428571431,43306.825180679996,46423.88961374768,57.400536572361425,3573347.2286168993
1580688000,9309.69,10178.54,9075,10173.97,7159.1289,8144.647599999996,8620.903199999999,8121.949999999995,8530.491428571431,37356.37996784,46601.26909571368,62.11152980066884,3610394.2067389465
1581292800,10173.51,10500.5,9598.49,9912.89,7176.375400000001,8267.114999999996,8611.948799999998,8185.407142857138,8891.54142857143,47675.285549809996,44507.60947389818,59.906082102908705,3595953.8293982698
1581897600,9925.96,10300,9312,9965.21,7191.4884999999995,8388.460799999997,8619.855999999998,8290.11428571428,9264.185714285717,38910.129242480005,43924.33294525118,60.21098847580789,3608494.0757073695
1582502400,9969.79,10027.66,8410,8528.95,7208.6428000000005,8479.729799999997,8545.006799999997,8405.87071428571,9313.927142857145,46036.73309396001,43920.70054894868,49.158986806851914,3569227.701528789
1583107200,8516,9219.13,7995.48,8033.7,7218.7072,8561.003999999997,8454.125199999999,8450.230714285708,9219.227142857144,36629.65673871,43811.648456021176,46.02204001346185,3534886.2570739076
1583712000,8035.79,8191.13,3850,5343.64,7188.6014000000005,8585.955199999999,8267.047599999998,8294.472142857137,8755.392857142859,172635.16199897998,47215.86754737318,33.51267028082958,3481047.253387697
1584316800,5353.04,7139,4435.89,5813.15,7158.833300000001,8598.401199999998,8177.669599999998,8201.477142857138,8253.072857142859,152476.32182205,52110.17687285468,36.74440760322402,3483947.1752202795
1584921600,5816.57,6989.04,5686.34,5870.9,7123.6024,8612.564799999998,8098.340799999998,8084.4199999999955,7638.348571428573,94573.05832589,55177.69101299868,37.149077264743006,3416171.3897041325
1585526400,5878.47,7236.39,5856,6775.2,7095.119000000001,8642.155799999999,8038.0304,8040.824285714281,7190.107142857145,70419.31005982,57389.56979999818,43.2692727659737,3439536.3432321195
1586131200,6780.57,7469,6750.15,6908.24,7077.235600000001,8677.100999999999,7984.930399999998,8008.791428571423,6753.397142857146,63716.245331310005,57909.047442398674,44.13121322442959,3403845.1413018717
1586736000,6908.21,7306.15,6472.67,7126.4,7063.3148,8705.442599999998,7887.703199999998,7933.479999999996,6553.032857142859,60254.00288518,57570.440299830676,45.59105829045709,3438110.141406874
1587340800,7124.27,7756.69,6757.75,7701.73,7066.8582,8719.990199999998,7827.492399999997,7862.417857142854,6505.608571428574,54394.39522182,58927.34830695018,49.34982244781343,3486519.1602069046
1587945600,7708.87,9485.26,7637.03,8915.98,7078.9813,8734.309799999999,7823.151999999997,7885.667857142854,7015.94285714286,90703.05114993,62187.07912402218,56.22353356997635,3521346.6623627893
1588550400,8924.14,10074,8109,8731.17,7098.4813,8734.268,7832.426399999998,7842.937857142853,7432.80285714286,121856.4978396,66253.53028597719,55.00011259761891,3476656.0243306844
1589155200,8740.88,9945.34,8181,9665.7,7130.604200000001,8752.892199999998,7942.7199999999975,7806.632857142854,7974.917142857147,114184.50869071,70777.01788237669,59.76756696796572,3554645.0650160555
1589760000,9672.95,9966.12,8669,8718.77,7156.2579,8774.6078,7994.964399999997,7721.338571428569,8252.570000000003,73340.67880949,73169.54369273919,53.57402984654732,3486932.4939904995
1590364800,8710.12,9758.27,8630,9446.19,7187.2199,8784.047799999998,8071.841599999998,7684.2657142857115,8615.13428571429,53042.006916130005,73241.56980671818,57.23979774682122,3510631.6139763985
1590969600,9444.61,10429.26,9135.68,9750.04,7217.654299999999,8762.409599999999,8177.239999999999,7771.486428571426,8989.940000000004,68669.0848275,73766.64249681268,58.70650782163914,3507188.551435302
1591574400,9759.04,10011.4,9078.91,9329.99,7247.4612,8733.807399999998,8250.051599999999,7864.0785714285685,9222.548571428577,49148.59177276,74466.39627123268,55.85425999146421,3484507.221343213
1592179200,9329.99,9596.31,8900,9283.03,7266.325499999999,8690.0688,8325.9512,8145.463571428569,9274.98428571429,38341.62442907,74218.13623365217,55.52944495429942,3488347.93640393
1592784000,9287.89,9798.76,8830.63,9118.01,7275.338199999999,8668.5916,8396.4036,8381.524999999998,9330.247142857148,45799.49876681,74640.29217360067,54.333689962853455,3469738.7115788553
1593388800,9118.8,9300,8905,9076.82,7295.7803,8638.123199999998,8432.246,8610.519285714283,9246.121428571434,27670.22486561,73640.03913939068,54.02099467339155,3466140.881834304
1593993600,9077.18,9479.57,9053.14,9306.17,7325.7338,8633.582799999998,8456.628799999999,8791.302857142855,9330.03571428572,28315.819486010005,73110.32365156717,55.554794530036965,3471428.4758255123
1594598400,9304.94,9351.17,9026.51,9211.99,7353.033799999999,8598.083399999998,8481.4892,8955.856428571426,9296.578571428576,24244.162090230002,72020.69510138067,54.7471591525706,3474885.9535091743
1595203200,9213.15,10200,9128.21,9944.65,7385.475699999999,8566.401799999998,8506.0996,9157.159999999998,9324.380000000006,46693.48497079001,72523.88651298468,59.660256810358256,3499330.338586718
1595808000,9941.25,12100,9933.77,11071.66,7423.289199999999,8581.455199999999,8542.0072,9397.869285714283,9573.190000000004,101978.64311276001,68991.06056867368,65.80953963812098,3504487.5750542227
1596412800,11074.92,11920,10933.26,11683.03,7477.759099999999,8612.380799999999,8612.8128,9595.51571428571,9916.047142857147,47005.6962185,63717.52928849618,68.60535184791512,3528916.0172181632
1597017600,11684.6,12080,11130,11914.02,7531.899499999999,8655.310599999999,8690.7652,9822.862142857139,10315.47714285715,42664.80300814,61122.11652260869,69.6162742357657,3556672.3907456906
1597622400,11916.83,12473,11367,11644.65,7581.323799999999,8680.199999999997,8815.393199999999,9964.215714285709,10682.310000000007,43615.2480828,59781.91342375769,66.91046620739854,3534955.467491443
1598227200,11653.7,11832.55,11112.75,11708.97,7632.4353999999985,8708.264599999999,8962.403999999999,10177.801428571425,11025.567142857148,32501.078180020006,58221.15506619318,67.2379118918665,3556296.5477790292
1598832000,11713.11,12065.82,9850,10260.17,7669.260799999998,8713.0564,9159.0652,10235.942857142854,11175.307142857147,78736.19707203,59145.26477553569,54.22208119967538,3506710.034303171
1599436800,10258.43,10576.78,9825.07,10334.78,7710.778599999998,8758.8,9339.9304,10277.709999999995,11231.040000000006,47461.46527966,58798.618278427675,54.70831975414913,3523612.708033756
1600041600,10338.82,11183.01,10250.13,10923.5,7755.879799999998,8820.1876,9542.034399999999,10391.532142857139,11209.874285714292,37510.14607747,56138.97302480467,58.45786495708906,3540253.5933090555
1600646400,10921.53,10996.98,10138.3,10780.66,7799.630699999997,8870.141599999999,9702.252799999998,10498.505714285711,11080.96428571429,38347.80100277,51963.538182963166,57.22011025086609,3559280.119068617
1601251200,10779.99,10950,10380,10669.63,7842.109399999998,8918.819399999998,9852.708399999998,10609.335714285711,10903.19428571429,32524.882573699997,47880.55687711267,56.22359166295111,3559808.505757446
1601856000,10666.16,11496.06,10525,11372.93,7892.263299999997,8955.136399999998,10022.569599999999,10773.343571428568,10864.377142857147,31751.361137339998,45801.09099350516,60.87204834163671,3583507.748391623
1602460800,11372.48,11731.7,11175.99,11519.97,7951.870399999998,9001.395799999997,10175.2992,10931.47214285714,10837.377142857147,27319.69830074,44514.975562735664,61.78568661008262,3590009.3951143255
1603065600,11518.58,13363.53,11409.94,13039.09,8042.872399999998,9081.687799999998,10340.2236,11204.836428571423,11234.365714285717,52166.77242322,43689.85994252166,69.66621076408758,3624849.105416026
1603670400,13041.12,14100,12773.5,13762,8139.471899999999,9186.941599999998,10541.4568,11477.504285714282,11723.968571428575,54378.58465957,43951.35958686216,72.56556873621321,3651515.723826166
1604275200,13762,15968.98,13220,15489.15,8259.065899999998,9358.557399999998,10774.3948,11793.039285714282,12376.20428571429,73010.28888116,45684.79280946666,77.98070202496514,3699038.3577124933
1604880000,15484.68,16494.52,14824.66,15975.49,8386.882999999998,9529.813999999997,11064.663599999998,12099.643571428567,13118.32285714286,65719.14282049,46680.775012150654,79.22425532880592,3723903.5287052626
1605484800,15975.49,18977,15875.5,18435.2,8531.796699999999,9748.032799999997,11424.223999999998,12565.442142857139,14227.690000000002,65568.69176432,48575.69835708615,84.11157189003586,3766563.8747027544
1606089600,18432.6,19490,16218,18192.03,8675.359099999998,9969.571799999998,11761.903599999998,13033.112142857139,15201.847142857147,70234.36767588,50671.62576657965,82.05645100997953,3781075.686014171
1606694400,18196.75,19918.01,18100,19380.58,8828.757799999998,10206.989399999997,12163.9272,13581.084285714282,16324.79142857143,46493.56459558001,51784.095891847144,84.10119212074781,3800080.9128991747
1607299200,19385.13,19431,17569.58,19162.36,8985.221899999999,10442.525799999998,12559.100399999998,14216.954999999996,17199.544285714288,40449.848343159996,51471.91406046565,82.24801392301104,3828855.3228577613
1607904000,19151.82,24298.04,18979.21,23470.85,9184.563199999999,10764.808799999999,13133.214,15155.245714285711,18586.52285714286,73098.80271362,50027.922040508645,87.91166720870805,3879217.321192719
1608508800,23470.85,28377.94,21864.86,26259.6,9411.826899999998,11126.385599999998,13820.525199999998,16250.681428571424,20125.158571428572,67965.21387615,51075.897923391145,90.11091845171205,3902971.9830220942
1609113600,26242.82,34800,25831.85,33097.83,9708.657,11614.410199999998,14772.191599999998,17844.764999999996,22571.207142857143,79594.39163482,52922.37735472515,93.32011456026474,3952352.0750278844
1609718400,33068.83,42000,27734,38173.73,10053.890599999999,12206.075199999997,15930.6612,19809.343571428566,25390.997142857144,126513.78207127,57067.30405414865,94.69603918313342,4011001.5799470674
1610323200,38164.88,40112.78,30261.13,35819.25,10375.827099999999,12735.8724,16965.6452,21555.50928571428,27909.17142857143,111650.13812809999,61024.757051552646,85.86137402520404,4025333.356672328
1610928000,35826.36,37874.71,28800,32288.83,10661.408599999999,13178.1696,17814.332,23038.999285714286,29753.207142857143,73139.22052763999,60744.90822433315,74.6197710221555,4008431.813547811
1611532800,32289.06,38620,29150.49,33141.38,10954.9272,13642.739399999999,18672.666,24474.87714285714,31750.210000000003,105347.75797630998,63639.22285916565,75.45549498609239,3991880.902257354
1612137600,33110.32,41025.48,32333.01,38858.39,11304.5319,14220.602999999997,19750.4408,26267.476428571426,33948.43,55960.93211402,64561.76216099316,80.1707692864521,4019938.9767543855
1612742400,38870.36,49714.66,38050.97,48662.5,11751.5019,15023.274,21231.1548,28637.001428571424,37148.84428571429,65876.44321015,65938.19427136215,85.36365909342568,4073930.2346607437
1613347200,48620.48,58354.14,45914.75,57492.91,12286.731099999999,16012.4582,23062.512400000003,31602.531428571423,40633.85571428571,49179.87505794,66770.94389557415,88.32842323095963,4116300.260715453
1613952000,57485.74,57564.19,43021,45240.96,12698.1799,16810.404599999998,24461.744,33517.22857142857,41643.46000000001,69331.00445925,68649.92606166964,67.80577696274108,4068135.45936011
1614556800,45261.56,52652.82,45020.25,50967.3,13155.9444,17713.487599999997,26087.0448,35858.319285714286,43807.467142857146,35430.40464755,69055.46137901014,71.17659121208325,4087917.489831848
1615161600,50952.55,61781.83,49316.98,59016.39,13694.481099999999,18776.397399999998,28010.7604,38689.44857142856,47625.69,38099.48605222,68352.09706046015,75.11991993774974,4109111.542973403
1615766400,58956.9,60595.13,53221,57381.79,14215.3425,19788.529199999997,29874.8056,41419.407857142854,51088.60571428571,36350.207453350005,67450.67820014915,72.9375995891074,4113781.924978016
1616371200,57410.54,58461.78,50360,55790.92,14721.641899999999,20766.1828,31679.6572,43727.98428571429,53507.53857142857,34670.695848810006,65533.69854853165,70.78235639059065,4125593.3047963358
1616976000,55790.28,60103.04,54892.42,58212.18,15246.670499999998,21787.8984,33553.2272,46010.311428571425,54871.77857142857,21804.887468639998,63337.98578093915,72.13206798272495,4131572.824259267
1617580800,58213.69,61222.22,55441.93,59979.26,15776.7196,22833.449,35491.5988,47930.413571428566,55226.971428571436,23556.53782028,61237.378083737145,73.10843117193238,4144998.4398423946
1618185600,59972.26,64895.22,51541.16,56280.6,16257.525599999999,23780.741399999995,37221.2592,49223.76142857142,56804.06285714286,40593.6107434,59755.340237113145,67.75741382680631,4133218.685334731
1618790400,56260.83,57633,47004.2,49128.43,16661.4773,24588.686599999997,38635.9164,50174.41714285714,56541.36714285715,43334.13814596,59597.36891463214,58.79567333011357,4107205.726677291
1619395200,49122.75,58549,48823.01,56622.66,17140.359,25527.825799999995,40281.2568,51912.547857142854,56199.40571428572,27817.930441510005,58965.77301954963,64.14671537800544,4124004.358903052
1620000000,56599.91,59564.24,52924.5,58305.24,17647.081499999997,26519.555199999995,41974.4468,53709.966428571424,56331.327142857146,29785.83104546,56800.12443614163,65.23823305571739,4142494.458101712
1620604800,58336.16,59603,43769.4,46444.75,18021.787099999998,27259.526399999995,43094.828799999996,54251.84928571428,54996.159999999996,39631.42749072,55383.43511687013,52.991514222017024,4116255.8079373483
1621209600,46446.42,46648.5,30066,34706.79,18260.535499999998,27758.661399999997,43755.4192,53255.01285714285,51638.24714285714,93913.66925193001,56099.39899772563,44.15684540667159,4074907.6284641204
1621814400,34735.35,40904,33425,35677.72,18509.711699999996,28285.615999999995,44407.304800000005,51696.784999999996,48166.59857142857,37901.48954003,51668.78437116362,44.97405124736711,4059838.4543450335
1622419200,35675.3,39490,34195.2,35808.85,18753.100599999998,28816.1324,45073.1644,51023.062857142846,45242.06285714286,29480.86167383,47560.32054845012,45.09092163831451,4048326.842667417
1623024000,35810.69,39386.43,31025,39013.76,19041.319499999998,29414.047399999996,45694.8808,50169.23857142856,43797.11,39330.101460109996,45869.86459507363,47.99799192508305,4084151.0488653197
1623628800,39035.52,41341.57,33337,35589.77,19291.214799999998,29944.306399999998,46068.0876,48495.90857142856,40792.41142857143,29265.7058612,42065.76198931813,45.24214017139056,4071358.158956241
1624233600,35598.66,35763.8,28600,34699.5,19542.8779,30452.173,46132.15440000001,46875.744999999995,37420.16285714286,40599.97658021,41297.71421262763,44.52628822309255,4099894.5505468315
1624838400,34716.02,36623.79,32700.05,35289.21,19785.9004,30973.717399999998,46016.7736,45411.33714285714,35826.51428571429,17584.6496665,38883.12453544514,45.145435939063226,4105517.08154496
1625443200,35255,35258.7,32101,34258.53,20013.198399999997,31459.995,45954.344800000006,43700.36214285714,35762.47714285715,13840.7734605,37116.16945557314,44.216550934154675,4110590.000939533
1626048000,34266.84,34677,31012.93,31776.65,20227.775,31874.0948,45933.857599999996,41685.89,35205.181428571435,13692.509203489997,34334.244692785134,41.9768033456967,4102605.484830547
1626652800,31794.49,35448.97,29296.39,35428.28,20480.690300000002,32348.9998,46025.333600000005,40196.43857142857,35150.81428571429,18634.49773061,33494.449346938134,46.28780129014401,4121114.65375339
1627257600,35438.93,42614.85,35282.7,39839,20781.405,32907.4994,46064.558,39532.90785714285,35268.705714285716,28188.1833748,32998.88421306714,51.02138508490912,4127959.5288704652
1627862400,39875.2,45355,37300,43858.42,21115.987399999998,33551.7748,45872.3948,38621.176428571416,36449.94142857143,27044.306484919995,32533.589164645637,54.920242010500154,4144954.4329471416
1628467200,43836.05,48190,42811.26,47028.3,21483.213,34258.161400000005,45453.8104,37815.6807142857,38211.19857142858,18991.78406847,31749.643575628637,57.77497091499052,4155742.5278421836
1629072000,47024.96,49833.02,43935.54,49301.86,21876.0258,35038.9952,45616.246399999996,38019.75999999999,40213.00571428571,16287.201246870003,31473.75926454014,59.74404351073413,4169095.8963963483
1629676800,49296.71,50562.11,46309.33,48808.72,22283.637000000002,35808.474,45529.9032,39027.0407142857,42291.60428571428,12312.246596190002,30911.54470333564,59.1002749459781,4171255.6450691596
1630281600,48782.56,51900,46532.42,51809.28,22723.188599999998,36626.1896,45241.6188,40179.294999999984,45153.40857142857,12460.77073271,29504.902702801144,61.79765385278395,4183295.205080885
1630886400,51809.28,52956.47,42900.01,46035,23100.709,37331.276399999995,44787.7472,40909.734285714265,46668.654285714285,19089.43743388,28292.667667197144,54.36684775601658,4176107.6089432146
1631491200,46039.42,48834,43400,47245.25,23490.8041,38062.7888,44445.9204,41497.69785714284,47726.69,11156.294539870001,27459.58587211514,55.572650535568236,4180740.3249220913
1632096000,47257.86,47334.54,39573.21,43204.73,23827.280600000002,38699.4248,43845.6224,42041.623571428565,47633.305714285714,22448.68396705,27092.728518194643,50.75108580312944,4179299.082926977
1632700800,43162.82,49225.55,40750,48235.93,24217.569900000002,39433.744,43375.8892,43008.511428571415,47805.82428571429,14576.10470638,25839.96237897764,55.88376728488844,4190471.3248186656
1633305600,48231.04,56561,46900,54714.95,24674.4745,40267.26119999999,43313.2632,44396.064285714274,48579.12285714286,16750.02912349,21981.780372555637,61.45485235276492,4200820.07223976
1633910400,54657,62944.94,53909,61538.97,25204.8711,41222.8006,43809.6848,46344.667142857135,50397.729999999996,17147.194521460002,20944.065621627138,66.28421968666387,4212631.144325405
1634515200,61519.52,67016.5,59013,60910.16,25744.8891,42131.2208,43981.1848,48425.632142857125,51697.85571428571,21373.460665450002,20538.695571208136,65.47021274060204,4201390.4692252865
1635120000,60883.96,63733.93,56425,61359.44,26284.3569,43038.89979999999,44103.3528,50277.857857142844,53887.06142857143,17907.993757879998,19467.590186096637,65.79344126372072,4207662.737343942
1635724800,61356.57,64300,59500,60581.84,26814.9327,43881.832599999994,44668.8364,51759.48928571427,55792.28857142857,11929.3003922,18600.76991264664,64.66517888336749,4201110.767925199